crop_type,region,year,price_birr_per_quintal
Sorghum,Amhara,2022,
Wheat,SNNPR,2023,5321.0
Maize,Amhara,2022,2824.0
Wheat,Tigray,2022,4686.0
Sorghum,Somali,2023,3642.0
Wheat,Tigray,2021,4484.0
Teff,Oromia,2023,8071.0
Wheat,Oromia,2021,3644.0
Teff,SNNPR,2024,8294.0
Wheat,Oromia,2024,5387.0
Barley,SNNPR,2024,
Wheat,SNNPR,2024,5898.0
Sorghum,Oromia,2023,3262.0
Maize,Oromia,2021,2714.0
Sorghum,Oromia,2021,2709.0
Wheat,Somali,2023,4846.0
Maize,SNNPR,2021,2823.0
Maize,SNNPR,2024,3007.0
Teff,SNNPR,2023,8598.0
Sorghum,Somali,2022,2972.0
Barley,Somali,2023,4965.0
Maize,Amhara,2024,3131.0
Wheat,SNNPR,2021,4588.0
Wheat,Somali,2024,5241.0
Wheat,Somali,2021,44.0
Teff,Tigray,2023,7701.0
Sorghum,Tigray,2021,2723.0
Sorghum,Amhara,2023,3376.0
Maize,Oromia,2024,3186.0
Barley,SNNPR,2022,4181.0
Teff,Amhara,2022,7129.0
Barley,Tigray,2022,4359.0
Sorghum,Somali,2021,2559.0
Wheat,Amhara,2022,49.0
Maize,Tigray,2022,3223.0
Maize,Oromia,2023,3074.0
Sorghum,SNNPR,2023,3493.0
Maize,Somali,2023,2979.0
Wheat,Amhara,2021,4409.0
Wheat,Oromia,2022,4538.0
Wheat,Tigray,2023,4310.0
Wheat,Somali,2022,4579.0
Maize,SNNPR,2023,3073.0
Teff,Somali,2023,8506.0
Barley,Oromia,2022,4179.0
Sorghum,Somali,2024,3399.0
Barley,Oromia,2024,4590.0
Teff,Tigray,2021,6879.0
Maize,Tigray,2021,2576.0
Teff,Amhara,2023,7289.0
Barley,Tigray,2024,5199.0
Maize,Oromia,2022,2725.0
Barley,Tigray,2021,3847.0
Sorghum,SNNPR,2022,2922.0
Barley,Somali,2022,4230.0
Barley,Amhara,2022,3997.0
Maize,Somali,2022,2712.0
Barley,SNNPR,2021,4284.0
Maize,Somali,2024,3497.0
Teff,Somali,2024,8811.0
Barley,Amhara,2021,41.0
Wheat,Tigray,2024,5652.0
Sorghum,Tigray,2022,3106.0
Teff,SNNPR,2021,7325.0
Wheat,Amhara,2023,4590.0
Barley,Somali,2021,3748.0
Maize,Amhara,2023,
Wheat,Amhara,2024,5609.0
Teff,Somali,2021,7175.0
Teff,Oromia,2021,6396.0
Maize,Tigray,2024,3345.0
Teff,Oromia,2022,7669.0
Barley,Amhara,2024,4863.0
Teff,Amhara,2021,6650.0
Barley,Tigray,2023,4561.0
Maize,Amhara,2021,2403.0
Teff,Somali,2022,7269.0
Teff,Tigray,2024,8474.0
Barley,Amhara,2023,4644.0
Maize,SNNPR,2022,2767.0
Sorghum,Oromia,2022,3302.0
Sorghum,Oromia,2024,3503.0
Sorghum,SNNPR,2024,3577.0
Maize,Somali,2021,2495.0
Barley,SNNPR,2023,4735.0
Barley,Oromia,2023,4943.0
Maize,Tigray,2023,3078.0
Teff,Oromia,2024,8707.0
Sorghum,Amhara,2024,34.0
Teff,SNNPR,2022,7653.0
Barley,Oromia,2021,3755.0
Wheat,Oromia,2023,4848.0
Wheat,SNNPR,2022,4873.0
Sorghum,SNNPR,2021,2747.0
Teff,Tigray,2022,7271.0
Sorghum,Tigray,2023,3605.0
Teff,Amhara,2024,
Sorghum,Amhara,2021,2706.0
Sorghum,Tigray,2024,3583.0
Barley,Somali,2024,5206.0
